date,name,amount,anonymous,source,recent_feed,comment,via,link,video,notes
2026-08-08 09:00,Rachel Hamilton,30000,,private,,,,,,
2026-06-15 12:05,Elise Fried,5000,,networkforgood,,,,,,given at the online event Rachel Hamilton & Jade co-hosted; not matched (added 2026-09-30)
2026-06-15 12:04,Melanie Hoopes,100,,networkforgood,,,,,,
2026-06-15 12:03,Daisy Pommer,100,,networkforgood,,,,,,
2026-06-15 12:02,Vicky Marchand,242,,networkforgood,,,,,,
2026-06-15 12:01,Bruce Rudolph,5000,,networkforgood,,,,,,
2026-06-15 12:00,Rosalie Tolson,5000,,networkforgood,,,,,,
2026-06-15 09:00,Rachel Hamilton,25000,,private,,,,,,
2025-12-15 09:00,Rachel Hamilton,60000,,private,,,,,,
2025-07-15 09:00,Rachel Hamilton,50000,,private,,,,,,
2024-11-16 10:18,Gabriel Frank,60,,gofundme,,,,,,
2024-09-30 12:00,Thor Halvorssen,25000,,private,no,,,,,"approximate date (was ""2 years ago""); major gift before Pledge -- listed, but not in the Recent Donations feed"
2024-09-30 12:00,Lyn Lear,25000,,private,no,,,,,"approximate date (was ""2 years ago""); major gift before Pledge -- listed, but not in the Recent Donations feed"
2024-07-29 15:54,Lincoln Stewart,50,,gofundme,,,,,,
2024-04-12 11:26,Paul Lieberman,500,,gofundme,,,,,,
2024-03-27 12:00,Roman Tsunder,4000,,private,no,,,,,"major gift before Pledge -- listed, but not in the Recent Donations feed"
2024-01-18 18:42,Eric Braun,60,,gofundme,,,,,,
2023-09-30 12:00,Blake Mycoskie,50000,,private,no,,,,,"approximate date (was ""3 years ago""); major gift before Pledge -- listed, but not in the Recent Donations feed"
2023-07-21 08:07,Paul Newman,5,,gofundme,,,,,,
2023-07-20 14:57,,10,yes,gofundme,,,,,,
2023-07-19 22:12,Samir Shrestha,10,,gofundme,,,,,,
2023-07-19 05:50,Gagan Levy,500,,gofundme,,,,,,
2023-07-18 13:51,diego seliman,23,,gofundme,,,,,,
2023-07-17 22:15,,2000,yes,gofundme,,,,,,
2023-07-17 07:01,Catherine Moses,111,,gofundme,,,,,,
2023-07-16 16:08,,100,yes,gofundme,,,,,,
2023-07-16 01:35,Ina Sofia Kalo,500,,gofundme,,,,,,
2023-07-15 11:24,Magalie Bonneau,133,,gofundme,,,,,,
2023-07-14 21:32,,500,yes,gofundme,,,,,,
2023-07-14 07:59,Gwenaelle Gobe,50,,gofundme,,Woohoo!,,,,
2023-07-13 18:46,Cory Reddish,150,,gofundme,,,,,,
2023-07-13 05:51,Sarah Berner,1000,,gofundme,,,,,,
2023-07-12 17:14,Joshua Epstein,10,,gofundme,,Rick’s work and story deserve to be known by the world!,,,,
2023-07-12 04:55,Agustina Ferguson,100,,gofundme,,,,,,
2023-07-11 16:54,,200,yes,gofundme,,,,,,
2023-07-11 05:09,,100,yes,gofundme,,,,,,
2023-07-10 17:41,Fanny R Bangoura,100,,gofundme,,,,,,
2023-07-10 06:28,,250,yes,gofundme,,,,,,
2023-07-09 19:32,Catherine Campion,170,,gofundme,,"the world needs A LOT of healing, and psychedelic medicines are one of the ways we can do that! Thank you, Nirvan, Dream, and Rick for your service to the human race.",,,,
2023-07-09 08:51,Elana Horwich,333,,gofundme,,,,,,
2023-07-08 22:24,Jennifer Hale,50,,gofundme,,,,,,
2023-07-08 12:13,John Quigley,50,,gofundme,,,,,,
2023-07-08 02:16,Bobbi Dunphy,50,,gofundme,,,,,,
2023-07-07 16:32,Siobhan Franklin,50,,gofundme,,,,,,
2023-07-07 07:03,Alexander Nantschev,15,,gofundme,,,,,,
2023-07-06 21:47,,50,yes,gofundme,,,,,,
2023-07-06 12:43,Alexis Slutzky,33,,gofundme,,,,,,
2023-07-06 03:53,Seth Ream,20,,gofundme,,,,,,
2023-07-05 19:15,Robin Willoughby,30,,gofundme,,,,,,
2023-07-05 10:48,,50,yes,gofundme,,,,,,
2023-07-05 02:34,Judy Levitow,30,,gofundme,,,,,,
2023-07-04 18:32,Gwen Gordon,50,,gofundme,,,,,,
2023-07-04 10:40,Ethan Colburn,100,,gofundme,,,,,,
2023-07-04 03:00,CiNdy Stein,25,,gofundme,,,,,,
2023-07-03 19:30,Charles Johnston,100,,gofundme,,,,,,
2023-07-03 12:11,Christine Mason,500,,gofundme,,,,,,
2023-07-03 05:03,Kimberly Rael,250,,gofundme,,,,,,
2023-07-02 22:04,Kaia Roman,1000,,gofundme,,,,,,
2023-07-02 15:15,Soyona Rafatjah,100,,gofundme,,,,,,
2023-07-02 08:36,Cameron Price,20,,gofundme,,,,,,
2023-07-02 02:05,Amy Emerson,1000,,gofundme,,,,,,
2023-07-01 19:45,Charles Mayo,50,,gofundme,,,,,,
2023-07-01 13:33,Michael Johnson,100,,gofundme,,,,,,
2023-07-01 07:29,Conor Watters,40,,gofundme,,,,,,
2023-07-01 01:34,Adrian Tannler,1000,,gofundme,,,,,,
2023-06-30 19:48,Suzanne Marie,50,,gofundme,,,,,,
2023-06-30 14:10,Liliana Galindo Guarin,50,,gofundme,,,,,,
2023-06-30 08:39,Lawrence Cormier,50,,gofundme,,,,,,
2023-06-30 03:16,Jason Starr,50,,gofundme,,,,,,
2023-06-29 22:01,claudia vaisman angulo,100,,gofundme,,,,,,
2023-06-29 16:53,Venessa McBrearty,50,,gofundme,,,,,,
2023-06-29 11:53,,50,yes,gofundme,,,,,,
2023-06-29 06:59,Norma Kim,100,,gofundme,,,,,,
2023-06-29 02:12,,5,yes,gofundme,,,,,,
2023-06-28 21:32,Laura Pustarfi,5,,gofundme,,,,,,
2023-06-28 16:59,Kelsy Williams,50,,gofundme,,,,,,
2023-06-28 12:32,Amber Livingston,50,,gofundme,,,,,,
2023-06-28 12:00,Laura Lochrane,1000,,gofundme,,,,,,
2023-06-28 08:11,Alex Kuznetsov,60,,gofundme,,,,,,
2023-06-28 03:56,Ashley Palmer,50,,gofundme,,,,,,
2023-06-27 23:47,Nicole Yang,50,,gofundme,,,,,,
2023-06-27 19:44,Lorne Gertner,25,,gofundme,,,,,,
2023-06-27 15:47,Parham Albadvi,50,,gofundme,,,,,,
2023-06-27 11:55,Valeria McCarroll,50,,gofundme,,,,,,
2023-06-27 08:09,,50,yes,gofundme,,,,,,
2023-06-27 04:28,Cole Moffatt,50,,gofundme,,,,,,
2023-06-27 00:52,Randy Baird,50,,gofundme,,,,,,
2023-06-26 21:21,Katrina Limbach,50,,gofundme,,,,,,
2023-06-26 17:56,Mary Mahood,25,,gofundme,,,,,,
2023-06-26 14:35,Matthew Roberts,100,,gofundme,,,,,,
2023-06-26 11:18,Abigale Layman,40,,gofundme,,,,,,
2023-06-26 08:06,DAVID BOYER,50,,gofundme,,,,,,
2023-06-26 04:59,Grey Gorman,50,,gofundme,,,,,,
2023-06-26 01:56,Tatyana Kholodkov,50,,gofundme,,,,,,
2023-06-25 22:58,aaron batt,50,,gofundme,,,,,,
2023-06-25 20:03,Becca Black (Beau & Bex),50,,gofundme,,,,,,
2023-06-25 17:13,,50,yes,gofundme,,,,,,
2023-06-25 14:27,Christoph Hofbauer,50,,gofundme,,,,,,
2023-06-25 11:44,Will Rowe,50,,gofundme,,,,,,
2023-06-25 09:05,Meghan Brown,50,,gofundme,,,,,,
2023-06-25 06:30,Natasha Lacy,50,,gofundme,,,,,,
2023-06-25 03:59,McKayan May,50,,gofundme,,,,,,
2023-06-25 01:31,Andrea Moorer,50,,gofundme,,,,,,
2023-06-24 23:07,Kylie O'Brien,50,,gofundme,,,,,,
2023-06-24 20:46,kristy romanowski,25,,gofundme,,,,,,
2023-06-24 18:28,Fanicy Sears,50,,gofundme,,,,,,
2023-06-24 16:14,Katherine Kincaid,50,,gofundme,,,,,,
2023-06-24 14:03,Kerry Marumoto,50,,gofundme,,,,,,
2023-06-24 11:54,Shaina Hesla,50,,gofundme,,,,,,
2023-06-24 09:49,ola may,15,,gofundme,,,,,,
2023-06-24 07:47,Brianna Duval,50,,gofundme,,,,,,
2023-06-24 05:47,Lyndsey Ryan,50,,gofundme,,,,,,
2023-06-24 03:51,Patrick Webb,75,,gofundme,,,,,,
2023-06-24 01:57,Michelle Landon,10,,gofundme,,,,,,
2023-06-24 00:06,Lori Losen,50,,gofundme,,,,,,
2023-06-23 22:17,Cat Maria,50,,gofundme,,,,,,
2023-06-23 20:31,James Stewart,50,,gofundme,,,,,,
2023-06-23 18:47,Sophia Bond,50,,gofundme,,,,,,
2023-06-23 17:06,Richard Woodruff,125,,gofundme,,,,,,
2023-06-23 15:27,RUBY SEGOVIA,100,,gofundme,,,,,,
2023-06-23 13:51,Charles Alovisetti,50,,gofundme,,,,,,
2023-06-23 12:16,Andrew Ninnemann,50,,gofundme,,,,,,
2023-06-23 10:44,,60,yes,gofundme,,,,,,
2023-06-23 09:14,David Sanders,25,,gofundme,,,,,,
2023-06-23 07:47,Bethany Mealy,50,,gofundme,,,,,,
2023-06-23 06:21,David Friedman,100,,gofundme,,,,,,
2023-06-23 04:57,,125,yes,gofundme,,,,,,
2023-06-23 03:35,Matt Buzas,100,,gofundme,,,,,,
2023-06-23 02:15,Megan Portnoy,50,,gofundme,,,,,,
2023-06-23 00:57,Jenelle Becerra,50,,gofundme,,,,,,
2023-06-22 23:41,Calvin Styrczula,50,,gofundme,,,,,,
2023-06-22 22:27,Nicole Olsen,100,,gofundme,,,,,,
2023-06-22 21:14,Sabrina Hadeed,25,,gofundme,,,,,,
2023-06-22 20:03,Mary Sellars,50,,gofundme,,,,,,
2023-06-22 18:54,Patrick Devitt,50,,gofundme,,,,,,
2023-06-22 17:46,Julie Wang,50,,gofundme,,,,,,
2023-06-22 16:40,Shelby Didkin,50,,gofundme,,,,,,
2023-06-22 15:36,Hideaki Takeuchi,50,,gofundme,,,,,,
2023-06-22 14:33,Ashley Palmer,25,,gofundme,,,,,,
2023-06-22 13:31,Jason Wallach,100,,gofundme,,,,,,
2023-06-22 12:31,Paul Renn,100,,gofundme,,,,,,
2023-06-22 11:32,Andrea Earlywine,50,,gofundme,,,,,,
2023-06-22 10:35,Paul Renn,100,,gofundme,,,,,,
2023-06-22 09:39,Krista Hartin,50,,gofundme,,,,,,
2023-06-22 08:44,Lori Losen,50,,gofundme,,,,,,
2023-06-22 07:51,Jon Evens,50,,gofundme,,,,,,
2023-06-22 06:59,Mary DuBose Stewart,5,,gofundme,,,,,,
2023-06-22 06:08,Nicola King,100,,gofundme,,,,,,
2023-06-22 05:18,Susannah Mars,25,,gofundme,,,,,,
2023-06-22 04:29,Portia Cue,20,,gofundme,,,,,,
2023-06-22 03:42,Lisa Ceremsak,100,,gofundme,,,,,,
2023-06-22 02:55,james leathem,53,,gofundme,,,,,,
2023-06-22 02:10,Sara Herman,53,,gofundme,,,,,,
2023-06-22 01:26,Meredith Thomas,25,,gofundme,,,,,,
2023-06-22 00:43,Randy Sappington,50,,gofundme,,,,,,
2023-06-22 00:01,Ajay D,100,,gofundme,,,,,,
2023-06-21 23:19,Aria McLauchlan,50,,gofundme,,,,,,
2023-06-21 22:39,Seth Peschansky,5,,gofundme,,,,,,
2023-06-21 22:00,Brianna Reising,50,,gofundme,,,,,,
2023-06-21 21:22,Harley Cross,500,,gofundme,,,,,,
2023-06-21 20:44,Sandeep Sabhlok,100,,gofundme,,,,,,
2023-06-21 20:08,alice lin,50,,gofundme,,Go Mullicks go!!! Thank you for telling this story!!,,,,
2023-06-21 19:32,Bruce Lambert,25,,gofundme,,,,,,
2023-06-21 18:57,Julie Reichenberger,50,,gofundme,,,,,,
2023-06-21 18:23,Valeria Pulgar,50,,gofundme,,,,,,
2023-06-21 17:50,Lisa Layman,40,,gofundme,,,,,,
2023-06-21 17:17,Alan Anick,50,,gofundme,,,,,,
2023-06-21 16:45,,50,yes,gofundme,,,,,,
2023-06-21 16:14,J Klein,50,,gofundme,,,,,,
2023-06-21 15:44,Trevor Christiansen,50,,gofundme,,Thank you guys for all you do!,,,,
2023-06-21 15:15,Zeberiah Scheffler,50,,gofundme,,,,,,
2023-06-21 14:46,Philip Eichhorn,50,,gofundme,,,,,,
2023-06-21 14:18,Edyta C,50,,gofundme,,,,,,
2023-06-21 13:50,Stephanie Lary,50,,gofundme,,,,,,
2023-06-21 13:23,Alexis Bryant,400,,gofundme,,,,,,
2023-06-21 12:57,Karen Alter-Reid,85,,gofundme,,,,,,
2023-06-21 12:31,Matthew Marks,90,,gofundme,,,,,,
2023-06-21 12:06,Carol Ingram,100,,gofundme,,,,,,
2023-06-21 11:42,Lois Nightingale,100,,gofundme,,,,,,
2023-06-21 11:18,Melissa Slocumb,100,,gofundme,,,,,,
2023-06-21 10:55,Kaitlyn Stewart,50,,gofundme,,,,,,
2023-06-21 10:32,Saul Costa,50,,gofundme,,,,,,
2023-06-21 10:09,Allison Brekke,27,,gofundme,,This is such important work! And thank you Cat Campion for the link!,,,,
2023-06-21 09:48,"Payam Panbechi, OG",123,,gofundme,,,,,,
2023-06-21 09:27,Brian Wallace,50,,gofundme,,,,,,
2023-06-21 09:06,Sara Hamilton,25,,gofundme,,,,,,
2023-06-21 08:46,Jake Wilkinson,12,,gofundme,,,,,,
2023-06-21 08:26,catherine campion,11,,gofundme,,,,,,
2023-06-21 08:07,Paul Stamets,1000,,gofundme,,,,,,
2022-06-28,David Choe,32760,,nft,,,"David Choe’s NFT “Fist Hugger” of Rick Doblin, sold at Christie’s Auction",https://onlineonly.christies.com/s/cartography-mind-curated-nft-sale-benefit-maps/david-choe-b-1976-rick-doblin-b-1953-27/155342,https://players.brightcove.net/6057940598001/default_default/index.html?videoId=6307371227112,"Christie’s ""Cartography of the Mind"" sale to benefit MAPS, Lot 27, sold USD 32,760 (closed 28 Jun 2022). Not counted in the Rough Cut bar. Added 2026-10-02."
2019-10-16 12:06,Ronnen Harary,5000,,private,,,,,,
2019-10-15 12:04,,25000,yes,private,,,,,,
2019-02-15 12:00,Will Nathan,25000,,private,,,,,,
2018-12-06 12:12,Bobbi Dunphy,150,,private,,,,,,
2018-12-05 12:11,Alex Enchin,500,,private,,,,,,
2018-12-04 12:10,Laura Lochrane,1000,,private,,,,,,
2018-12-03 12:09,Rae & Tomas,2500,,private,,,,,,
2018-12-02 12:08,Dayna West,5000,,private,,,,,,
2018-12-01 12:07,Dick Simon,5000,,private,,,,,,
2018-06-18 12:05,Zem & James Joaquin,5000,,private,,,,,,
2018-06-17 12:03,Louie Schwartzberg,5000,,private,,,,,,
2018-06-16 12:02,Kat Conure,5000,,private,,,,,,
2018-06-15 12:01,Nicole Panter,5500,,private,,,,,,
