date,name,amount,source,via,anonymous,matched_on_pledge,comment,name_on_record,pledge_id,added_by
2026-10-08 11:03,Anonymous,500,Pledge,,yes,yes,"Thank you for the vision, courage and dedication. We’re excited to support this documentary and help bring your story to a much bigger audience.",,33450845,automatic (Pledge)
2026-10-04 07:31,Anonymous,100,Pledge,,yes,yes,,,33397728,automatic (Pledge)
2026-10-03 08:47,Stacey Platt,100,Pledge,,,yes,,Stacey Platt,33390292,automatic (Pledge)
2026-10-02 21:01,ALI RAD,500,Pledge,,,yes,,ALI RAD,33381889,automatic (Pledge)
2026-10-02 16:01,Anonymous,5000,Pledge,,yes,yes,,,33380796,automatic (Pledge)
2026-10-02 14:28,jackie ivy,25,Pledge,,,yes,,jackie ivy,33380326,automatic (Pledge)
2026-10-02 13:52,Alexis Slutzky,25,Pledge,,,yes,,Alexis Slutzky,33373365,automatic (Pledge)
2026-10-02 13:22,Michelle Ellison,15,Pledge,,,yes,,Michelle Ellison,33373042,automatic (Pledge)
2026-10-02 05:28,Bradford Bancroft,500,Pledge,,,yes,Thank you folks for all of the deep healing that you are doing. It is so important and necessary at this time. Blessings on you from a fellow guide.❤️,Bradford Bancroft,33368646,automatic (Pledge)
2026-10-01 20:48,Anonymous,500,Pledge,,yes,yes,,,33366482,automatic (Pledge)
2026-10-01 20:40,Dan Fleitman Broder,180,Pledge,,,yes,,Dan Fleitman Broder,33366462,automatic (Pledge)
2026-09-28 11:45,David Segall,8,Pledge,,,yes,,David Segall,33335791,automatic (Pledge)
2026-09-27 21:09,Anonymous,200,Pledge,,yes,yes,,,33331187,automatic (Pledge)
2026-09-27 20:32,Roman Campolo,250,Pledge,,,yes,,Roman Campolo,33330897,automatic (Pledge)
2026-09-27 20:31,Anonymous,100,Pledge,,yes,yes,,,33330895,automatic (Pledge)
2026-09-27 20:31,Anonymous,250,Pledge,,yes,yes,,,33330891,automatic (Pledge)
2026-09-27 20:30,Anonymous,200,Pledge,,yes,yes,,,33330886,automatic (Pledge)
2026-09-27 20:22,Thomas Aarts,200,Pledge,,,yes,,Thomas Aarts,33330858,automatic (Pledge)
2026-09-27 19:47,Vincent Nance,250,Pledge,,,yes,,Vincent Nance,33330583,automatic (Pledge)
2026-09-27 16:56,Anonymous,10,Pledge,,yes,yes,,,33328457,automatic (Pledge)
2026-09-27 13:47,Anthony Greenberg,500,Pledge,,,yes,,Anthony Greenberg,33326207,automatic (Pledge)
2026-09-06 16:53,Hari Mohanan,10,Pledge,,,,,Hari Mohanan,33057883,automatic (Pledge)
2026-08-21 13:57,Anonymous,5,Pledge,,yes,,,,32733056,automatic (Pledge)
2026-08-20 14:02,Daniel & Kerry McMurtrie,10000,Pledge,,,,,Daniel McMurtrie,32715856,automatic (Pledge)
2026-08-14 07:39,Sarena Snider,4000,Pledge,Another Light Foundation Grant,,,,Sarena Snider,32624321,automatic (Pledge)
2026-08-08 09:00,Rachel Hamilton,30000,Private,,,,,Rachel Hamilton,,by hand (manual-gifts.csv)
2026-08-07 18:25,Tiffany Rochelle,500,Pledge,,,yes,,Tiffany Rochelle,32586562,automatic (Pledge)
2026-08-07 17:32,Anonymous,250,Pledge,,yes,yes,,,32586393,automatic (Pledge)
2026-08-07 14:04,Mary Dohrmann,50,Pledge,,,yes,the last bit to make the goal!,Mary Dohrmann,32585474,automatic (Pledge)
2026-08-07 13:58,Eva Dillon,5000,Pledge,,,yes,,Eva Dillon,32585439,automatic (Pledge)
2026-08-07 13:23,Thomas Waltcher,250,Pledge,,,yes,,Thomas Waltcher,32585320,automatic (Pledge)
2026-08-05 19:18,Kate Specter,100,Pledge,,,yes,,Kate Specter,32576960,automatic (Pledge)
2026-08-05 18:47,Mo & Elisa Septimus,1000,Pledge,,,yes,,Andrew Septimus,32576894,automatic (Pledge)
2026-08-05 16:22,Mary Dohrmann,500,Pledge,,,yes,This is Ray and Mary- thrilled to help this film!,Mary Dohrmann,32576439,automatic (Pledge)
2026-08-05 11:28,Elana Horwich,3000,Pledge,,,yes,,Elana Horwich,32575362,automatic (Pledge)
2026-08-04 23:23,Anonymous,5,Pledge,,yes,yes,<3,,32573196,automatic (Pledge)
2026-08-03 18:44,Laura Lochrane,3000,Pledge,,,,,Laura Lochraine,32568879,automatic (Pledge)
2026-07-30 12:53,Peter & Brooke Kennedy,10000,Pledge,,,yes,,Peter Kennedy,32546283,automatic (Pledge)
2026-07-30 11:25,Charles Johnston,100,Pledge,,,yes,,Charles Johnston,32545959,automatic (Pledge)
2026-06-15 12:05,Elise Fried,5000,Network for Good,,,,,Elise Fried,,by hand (manual-gifts.csv)
2026-06-15 12:04,Melanie Hoopes,100,Network for Good,,,,,Melanie Hoopes,,by hand (manual-gifts.csv)
2026-06-15 12:03,Daisy Pommer,100,Network for Good,,,,,Daisy Pommer,,by hand (manual-gifts.csv)
2026-06-15 12:02,Vicky Marchand,242,Network for Good,,,,,Vicky Marchand,,by hand (manual-gifts.csv)
2026-06-15 12:01,Bruce Rudolph,5000,Network for Good,,,,,Bruce Rudolph,,by hand (manual-gifts.csv)
2026-06-15 12:00,Rosalie Tolson,5000,Network for Good,,,,,Rosalie Tolson,,by hand (manual-gifts.csv)
2026-06-15 09:00,Rachel Hamilton,25000,Private,,,,,Rachel Hamilton,,by hand (manual-gifts.csv)
2025-12-15 09:00,Rachel Hamilton,60000,Private,,,,,Rachel Hamilton,,by hand (manual-gifts.csv)
2025-07-15 09:00,Rachel Hamilton,50000,Private,,,,,Rachel Hamilton,,by hand (manual-gifts.csv)
2024-11-16 10:18,Gabriel Frank,60,GoFundMe,,,,,Gabriel Frank,,by hand (manual-gifts.csv)
2024-09-30 12:00,Thor Halvorssen,25000,Private,,,,,Thor Halvorssen,,"by hand (manual-gifts.csv), not in Recent feed"
2024-09-30 12:00,Lyn Lear,25000,Private,,,,,Lyn Lear,,"by hand (manual-gifts.csv), not in Recent feed"
2024-07-29 15:54,Lincoln Stewart,50,GoFundMe,,,,,Lincoln Stewart,,by hand (manual-gifts.csv)
2024-04-12 11:26,Paul Lieberman,500,GoFundMe,,,,,Paul Lieberman,,by hand (manual-gifts.csv)
2024-03-27 12:00,Roman Tsunder,4000,Private,,,,,Roman Tsunder,,"by hand (manual-gifts.csv), not in Recent feed"
2024-01-18 18:42,Eric Braun,60,GoFundMe,,,,,Eric Braun,,by hand (manual-gifts.csv)
2023-09-30 12:00,Blake Mycoskie,50000,Private,,,,,Blake Mycoskie,,"by hand (manual-gifts.csv), not in Recent feed"
2023-07-21 08:07,Paul Newman,5,GoFundMe,,,,,Paul Newman,,by hand (manual-gifts.csv)
2023-07-20 14:57,Anonymous,10,GoFundMe,,yes,,,,,by hand (manual-gifts.csv)
2023-07-19 22:12,Samir Shrestha,10,GoFundMe,,,,,Samir Shrestha,,by hand (manual-gifts.csv)
2023-07-19 05:50,Gagan Levy,500,GoFundMe,,,,,Gagan Levy,,by hand (manual-gifts.csv)
2023-07-18 13:51,diego seliman,23,GoFundMe,,,,,diego seliman,,by hand (manual-gifts.csv)
2023-07-17 22:15,Anonymous,2000,GoFundMe,,yes,,,,,by hand (manual-gifts.csv)
2023-07-17 07:01,Catherine Moses,111,GoFundMe,,,,,Catherine Moses,,by hand (manual-gifts.csv)
2023-07-16 16:08,Anonymous,100,GoFundMe,,yes,,,,,by hand (manual-gifts.csv)
2023-07-16 01:35,Ina Sofia Kalo,500,GoFundMe,,,,,Ina Sofia Kalo,,by hand (manual-gifts.csv)
2023-07-15 11:24,Magalie Bonneau,133,GoFundMe,,,,,Magalie Bonneau,,by hand (manual-gifts.csv)
2023-07-14 21:32,Anonymous,500,GoFundMe,,yes,,,,,by hand (manual-gifts.csv)
2023-07-14 07:59,Gwenaelle Gobe,50,GoFundMe,,,,Woohoo!,Gwenaelle Gobe,,by hand (manual-gifts.csv)
2023-07-13 18:46,Cory Reddish,150,GoFundMe,,,,,Cory Reddish,,by hand (manual-gifts.csv)
2023-07-13 05:51,Sarah Berner,1000,GoFundMe,,,,,Sarah Berner,,by hand (manual-gifts.csv)
2023-07-12 17:14,Joshua Epstein,10,GoFundMe,,,,Rick’s work and story deserve to be known by the world!,Joshua Epstein,,by hand (manual-gifts.csv)
2023-07-12 04:55,Agustina Ferguson,100,GoFundMe,,,,,Agustina Ferguson,,by hand (manual-gifts.csv)
2023-07-11 16:54,Anonymous,200,GoFundMe,,yes,,,,,by hand (manual-gifts.csv)
2023-07-11 05:09,Anonymous,100,GoFundMe,,yes,,,,,by hand (manual-gifts.csv)
2023-07-10 17:41,Fanny R Bangoura,100,GoFundMe,,,,,Fanny R Bangoura,,by hand (manual-gifts.csv)
2023-07-10 06:28,Anonymous,250,GoFundMe,,yes,,,,,by hand (manual-gifts.csv)
2023-07-09 19:32,Catherine Campion,170,GoFundMe,,,,"the world needs A LOT of healing, and psychedelic medicines are one of the ways we can do that! Thank you, Nirvan, Dream, and Rick for your service to the human race.",Catherine Campion,,by hand (manual-gifts.csv)
2023-07-09 08:51,Elana Horwich,333,GoFundMe,,,,,Elana Horwich,,by hand (manual-gifts.csv)
2023-07-08 22:24,Jennifer Hale,50,GoFundMe,,,,,Jennifer Hale,,by hand (manual-gifts.csv)
2023-07-08 12:13,John Quigley,50,GoFundMe,,,,,John Quigley,,by hand (manual-gifts.csv)
2023-07-08 02:16,Bobbi Dunphy,50,GoFundMe,,,,,Bobbi Dunphy,,by hand (manual-gifts.csv)
2023-07-07 16:32,Siobhan Franklin,50,GoFundMe,,,,,Siobhan Franklin,,by hand (manual-gifts.csv)
2023-07-07 07:03,Alexander Nantschev,15,GoFundMe,,,,,Alexander Nantschev,,by hand (manual-gifts.csv)
2023-07-06 21:47,Anonymous,50,GoFundMe,,yes,,,,,by hand (manual-gifts.csv)
2023-07-06 12:43,Alexis Slutzky,33,GoFundMe,,,,,Alexis Slutzky,,by hand (manual-gifts.csv)
2023-07-06 03:53,Seth Ream,20,GoFundMe,,,,,Seth Ream,,by hand (manual-gifts.csv)
2023-07-05 19:15,Robin Willoughby,30,GoFundMe,,,,,Robin Willoughby,,by hand (manual-gifts.csv)
2023-07-05 10:48,Anonymous,50,GoFundMe,,yes,,,,,by hand (manual-gifts.csv)
2023-07-05 02:34,Judy Levitow,30,GoFundMe,,,,,Judy Levitow,,by hand (manual-gifts.csv)
2023-07-04 18:32,Gwen Gordon,50,GoFundMe,,,,,Gwen Gordon,,by hand (manual-gifts.csv)
2023-07-04 10:40,Ethan Colburn,100,GoFundMe,,,,,Ethan Colburn,,by hand (manual-gifts.csv)
2023-07-04 03:00,CiNdy Stein,25,GoFundMe,,,,,CiNdy Stein,,by hand (manual-gifts.csv)
2023-07-03 19:30,Charles Johnston,100,GoFundMe,,,,,Charles Johnston,,by hand (manual-gifts.csv)
2023-07-03 12:11,Christine Mason,500,GoFundMe,,,,,Christine Mason,,by hand (manual-gifts.csv)
2023-07-03 05:03,Kimberly Rael,250,GoFundMe,,,,,Kimberly Rael,,by hand (manual-gifts.csv)
2023-07-02 22:04,Kaia Roman,1000,GoFundMe,,,,,Kaia Roman,,by hand (manual-gifts.csv)
2023-07-02 15:15,Soyona Rafatjah,100,GoFundMe,,,,,Soyona Rafatjah,,by hand (manual-gifts.csv)
2023-07-02 08:36,Cameron Price,20,GoFundMe,,,,,Cameron Price,,by hand (manual-gifts.csv)
2023-07-02 02:05,Amy Emerson,1000,GoFundMe,,,,,Amy Emerson,,by hand (manual-gifts.csv)
2023-07-01 19:45,Charles Mayo,50,GoFundMe,,,,,Charles Mayo,,by hand (manual-gifts.csv)
2023-07-01 13:33,Michael Johnson,100,GoFundMe,,,,,Michael Johnson,,by hand (manual-gifts.csv)
2023-07-01 07:29,Conor Watters,40,GoFundMe,,,,,Conor Watters,,by hand (manual-gifts.csv)
2023-07-01 01:34,Adrian Tannler,1000,GoFundMe,,,,,Adrian Tannler,,by hand (manual-gifts.csv)
2023-06-30 19:48,Suzanne Marie,50,GoFundMe,,,,,Suzanne Marie,,by hand (manual-gifts.csv)
2023-06-30 14:10,Liliana Galindo Guarin,50,GoFundMe,,,,,Liliana Galindo Guarin,,by hand (manual-gifts.csv)
2023-06-30 08:39,Lawrence Cormier,50,GoFundMe,,,,,Lawrence Cormier,,by hand (manual-gifts.csv)
2023-06-30 03:16,Jason Starr,50,GoFundMe,,,,,Jason Starr,,by hand (manual-gifts.csv)
2023-06-29 22:01,claudia vaisman angulo,100,GoFundMe,,,,,claudia vaisman angulo,,by hand (manual-gifts.csv)
2023-06-29 16:53,Venessa McBrearty,50,GoFundMe,,,,,Venessa McBrearty,,by hand (manual-gifts.csv)
2023-06-29 11:53,Anonymous,50,GoFundMe,,yes,,,,,by hand (manual-gifts.csv)
2023-06-29 06:59,Norma Kim,100,GoFundMe,,,,,Norma Kim,,by hand (manual-gifts.csv)
2023-06-29 02:12,Anonymous,5,GoFundMe,,yes,,,,,by hand (manual-gifts.csv)
2023-06-28 21:32,Laura Pustarfi,5,GoFundMe,,,,,Laura Pustarfi,,by hand (manual-gifts.csv)
2023-06-28 16:59,Kelsy Williams,50,GoFundMe,,,,,Kelsy Williams,,by hand (manual-gifts.csv)
2023-06-28 12:32,Amber Livingston,50,GoFundMe,,,,,Amber Livingston,,by hand (manual-gifts.csv)
2023-06-28 12:00,Laura Lochrane,1000,GoFundMe,,,,,Laura Lochrane,,by hand (manual-gifts.csv)
2023-06-28 08:11,Alex Kuznetsov,60,GoFundMe,,,,,Alex Kuznetsov,,by hand (manual-gifts.csv)
2023-06-28 03:56,Ashley Palmer,50,GoFundMe,,,,,Ashley Palmer,,by hand (manual-gifts.csv)
2023-06-27 23:47,Nicole Yang,50,GoFundMe,,,,,Nicole Yang,,by hand (manual-gifts.csv)
2023-06-27 19:44,Lorne Gertner,25,GoFundMe,,,,,Lorne Gertner,,by hand (manual-gifts.csv)
2023-06-27 15:47,Parham Albadvi,50,GoFundMe,,,,,Parham Albadvi,,by hand (manual-gifts.csv)
2023-06-27 11:55,Valeria McCarroll,50,GoFundMe,,,,,Valeria McCarroll,,by hand (manual-gifts.csv)
2023-06-27 08:09,Anonymous,50,GoFundMe,,yes,,,,,by hand (manual-gifts.csv)
2023-06-27 04:28,Cole Moffatt,50,GoFundMe,,,,,Cole Moffatt,,by hand (manual-gifts.csv)
2023-06-27 00:52,Randy Baird,50,GoFundMe,,,,,Randy Baird,,by hand (manual-gifts.csv)
2023-06-26 21:21,Katrina Limbach,50,GoFundMe,,,,,Katrina Limbach,,by hand (manual-gifts.csv)
2023-06-26 17:56,Mary Mahood,25,GoFundMe,,,,,Mary Mahood,,by hand (manual-gifts.csv)
2023-06-26 14:35,Matthew Roberts,100,GoFundMe,,,,,Matthew Roberts,,by hand (manual-gifts.csv)
2023-06-26 11:18,Abigale Layman,40,GoFundMe,,,,,Abigale Layman,,by hand (manual-gifts.csv)
2023-06-26 08:06,DAVID BOYER,50,GoFundMe,,,,,DAVID BOYER,,by hand (manual-gifts.csv)
2023-06-26 04:59,Grey Gorman,50,GoFundMe,,,,,Grey Gorman,,by hand (manual-gifts.csv)
2023-06-26 01:56,Tatyana Kholodkov,50,GoFundMe,,,,,Tatyana Kholodkov,,by hand (manual-gifts.csv)
2023-06-25 22:58,aaron batt,50,GoFundMe,,,,,aaron batt,,by hand (manual-gifts.csv)
2023-06-25 20:03,Becca Black (Beau & Bex),50,GoFundMe,,,,,Becca Black (Beau & Bex),,by hand (manual-gifts.csv)
2023-06-25 17:13,Anonymous,50,GoFundMe,,yes,,,,,by hand (manual-gifts.csv)
2023-06-25 14:27,Christoph Hofbauer,50,GoFundMe,,,,,Christoph Hofbauer,,by hand (manual-gifts.csv)
2023-06-25 11:44,Will Rowe,50,GoFundMe,,,,,Will Rowe,,by hand (manual-gifts.csv)
2023-06-25 09:05,Meghan Brown,50,GoFundMe,,,,,Meghan Brown,,by hand (manual-gifts.csv)
2023-06-25 06:30,Natasha Lacy,50,GoFundMe,,,,,Natasha Lacy,,by hand (manual-gifts.csv)
2023-06-25 03:59,McKayan May,50,GoFundMe,,,,,McKayan May,,by hand (manual-gifts.csv)
2023-06-25 01:31,Andrea Moorer,50,GoFundMe,,,,,Andrea Moorer,,by hand (manual-gifts.csv)
2023-06-24 23:07,Kylie O'Brien,50,GoFundMe,,,,,Kylie O'Brien,,by hand (manual-gifts.csv)
2023-06-24 20:46,kristy romanowski,25,GoFundMe,,,,,kristy romanowski,,by hand (manual-gifts.csv)
2023-06-24 18:28,Fanicy Sears,50,GoFundMe,,,,,Fanicy Sears,,by hand (manual-gifts.csv)
2023-06-24 16:14,Katherine Kincaid,50,GoFundMe,,,,,Katherine Kincaid,,by hand (manual-gifts.csv)
2023-06-24 14:03,Kerry Marumoto,50,GoFundMe,,,,,Kerry Marumoto,,by hand (manual-gifts.csv)
2023-06-24 11:54,Shaina Hesla,50,GoFundMe,,,,,Shaina Hesla,,by hand (manual-gifts.csv)
2023-06-24 09:49,ola may,15,GoFundMe,,,,,ola may,,by hand (manual-gifts.csv)
2023-06-24 07:47,Brianna Duval,50,GoFundMe,,,,,Brianna Duval,,by hand (manual-gifts.csv)
2023-06-24 05:47,Lyndsey Ryan,50,GoFundMe,,,,,Lyndsey Ryan,,by hand (manual-gifts.csv)
2023-06-24 03:51,Patrick Webb,75,GoFundMe,,,,,Patrick Webb,,by hand (manual-gifts.csv)
2023-06-24 01:57,Michelle Landon,10,GoFundMe,,,,,Michelle Landon,,by hand (manual-gifts.csv)
2023-06-24 00:06,Lori Losen,50,GoFundMe,,,,,Lori Losen,,by hand (manual-gifts.csv)
2023-06-23 22:17,Cat Maria,50,GoFundMe,,,,,Cat Maria,,by hand (manual-gifts.csv)
2023-06-23 20:31,James Stewart,50,GoFundMe,,,,,James Stewart,,by hand (manual-gifts.csv)
2023-06-23 18:47,Sophia Bond,50,GoFundMe,,,,,Sophia Bond,,by hand (manual-gifts.csv)
2023-06-23 17:06,Richard Woodruff,125,GoFundMe,,,,,Richard Woodruff,,by hand (manual-gifts.csv)
2023-06-23 15:27,RUBY SEGOVIA,100,GoFundMe,,,,,RUBY SEGOVIA,,by hand (manual-gifts.csv)
2023-06-23 13:51,Charles Alovisetti,50,GoFundMe,,,,,Charles Alovisetti,,by hand (manual-gifts.csv)
2023-06-23 12:16,Andrew Ninnemann,50,GoFundMe,,,,,Andrew Ninnemann,,by hand (manual-gifts.csv)
2023-06-23 10:44,Anonymous,60,GoFundMe,,yes,,,,,by hand (manual-gifts.csv)
2023-06-23 09:14,David Sanders,25,GoFundMe,,,,,David Sanders,,by hand (manual-gifts.csv)
2023-06-23 07:47,Bethany Mealy,50,GoFundMe,,,,,Bethany Mealy,,by hand (manual-gifts.csv)
2023-06-23 06:21,David Friedman,100,GoFundMe,,,,,David Friedman,,by hand (manual-gifts.csv)
2023-06-23 04:57,Anonymous,125,GoFundMe,,yes,,,,,by hand (manual-gifts.csv)
2023-06-23 03:35,Matt Buzas,100,GoFundMe,,,,,Matt Buzas,,by hand (manual-gifts.csv)
2023-06-23 02:15,Megan Portnoy,50,GoFundMe,,,,,Megan Portnoy,,by hand (manual-gifts.csv)
2023-06-23 00:57,Jenelle Becerra,50,GoFundMe,,,,,Jenelle Becerra,,by hand (manual-gifts.csv)
2023-06-22 23:41,Calvin Styrczula,50,GoFundMe,,,,,Calvin Styrczula,,by hand (manual-gifts.csv)
2023-06-22 22:27,Nicole Olsen,100,GoFundMe,,,,,Nicole Olsen,,by hand (manual-gifts.csv)
2023-06-22 21:14,Sabrina Hadeed,25,GoFundMe,,,,,Sabrina Hadeed,,by hand (manual-gifts.csv)
2023-06-22 20:03,Mary Sellars,50,GoFundMe,,,,,Mary Sellars,,by hand (manual-gifts.csv)
2023-06-22 18:54,Patrick Devitt,50,GoFundMe,,,,,Patrick Devitt,,by hand (manual-gifts.csv)
2023-06-22 17:46,Julie Wang,50,GoFundMe,,,,,Julie Wang,,by hand (manual-gifts.csv)
2023-06-22 16:40,Shelby Didkin,50,GoFundMe,,,,,Shelby Didkin,,by hand (manual-gifts.csv)
2023-06-22 15:36,Hideaki Takeuchi,50,GoFundMe,,,,,Hideaki Takeuchi,,by hand (manual-gifts.csv)
2023-06-22 14:33,Ashley Palmer,25,GoFundMe,,,,,Ashley Palmer,,by hand (manual-gifts.csv)
2023-06-22 13:31,Jason Wallach,100,GoFundMe,,,,,Jason Wallach,,by hand (manual-gifts.csv)
2023-06-22 12:31,Paul Renn,100,GoFundMe,,,,,Paul Renn,,by hand (manual-gifts.csv)
2023-06-22 11:32,Andrea Earlywine,50,GoFundMe,,,,,Andrea Earlywine,,by hand (manual-gifts.csv)
2023-06-22 10:35,Paul Renn,100,GoFundMe,,,,,Paul Renn,,by hand (manual-gifts.csv)
2023-06-22 09:39,Krista Hartin,50,GoFundMe,,,,,Krista Hartin,,by hand (manual-gifts.csv)
2023-06-22 08:44,Lori Losen,50,GoFundMe,,,,,Lori Losen,,by hand (manual-gifts.csv)
2023-06-22 07:51,Jon Evens,50,GoFundMe,,,,,Jon Evens,,by hand (manual-gifts.csv)
2023-06-22 06:59,Mary DuBose Stewart,5,GoFundMe,,,,,Mary DuBose Stewart,,by hand (manual-gifts.csv)
2023-06-22 06:08,Nicola King,100,GoFundMe,,,,,Nicola King,,by hand (manual-gifts.csv)
2023-06-22 05:18,Susannah Mars,25,GoFundMe,,,,,Susannah Mars,,by hand (manual-gifts.csv)
2023-06-22 04:29,Portia Cue,20,GoFundMe,,,,,Portia Cue,,by hand (manual-gifts.csv)
2023-06-22 03:42,Lisa Ceremsak,100,GoFundMe,,,,,Lisa Ceremsak,,by hand (manual-gifts.csv)
2023-06-22 02:55,james leathem,53,GoFundMe,,,,,james leathem,,by hand (manual-gifts.csv)
2023-06-22 02:10,Sara Herman,53,GoFundMe,,,,,Sara Herman,,by hand (manual-gifts.csv)
2023-06-22 01:26,Meredith Thomas,25,GoFundMe,,,,,Meredith Thomas,,by hand (manual-gifts.csv)
2023-06-22 00:43,Randy Sappington,50,GoFundMe,,,,,Randy Sappington,,by hand (manual-gifts.csv)
2023-06-22 00:01,Ajay D,100,GoFundMe,,,,,Ajay D,,by hand (manual-gifts.csv)
2023-06-21 23:19,Aria McLauchlan,50,GoFundMe,,,,,Aria McLauchlan,,by hand (manual-gifts.csv)
2023-06-21 22:39,Seth Peschansky,5,GoFundMe,,,,,Seth Peschansky,,by hand (manual-gifts.csv)
2023-06-21 22:00,Brianna Reising,50,GoFundMe,,,,,Brianna Reising,,by hand (manual-gifts.csv)
2023-06-21 21:22,Harley Cross,500,GoFundMe,,,,,Harley Cross,,by hand (manual-gifts.csv)
2023-06-21 20:44,Sandeep Sabhlok,100,GoFundMe,,,,,Sandeep Sabhlok,,by hand (manual-gifts.csv)
2023-06-21 20:08,alice lin,50,GoFundMe,,,,Go Mullicks go!!! Thank you for telling this story!!,alice lin,,by hand (manual-gifts.csv)
2023-06-21 19:32,Bruce Lambert,25,GoFundMe,,,,,Bruce Lambert,,by hand (manual-gifts.csv)
2023-06-21 18:57,Julie Reichenberger,50,GoFundMe,,,,,Julie Reichenberger,,by hand (manual-gifts.csv)
2023-06-21 18:23,Valeria Pulgar,50,GoFundMe,,,,,Valeria Pulgar,,by hand (manual-gifts.csv)
2023-06-21 17:50,Lisa Layman,40,GoFundMe,,,,,Lisa Layman,,by hand (manual-gifts.csv)
2023-06-21 17:17,Alan Anick,50,GoFundMe,,,,,Alan Anick,,by hand (manual-gifts.csv)
2023-06-21 16:45,Anonymous,50,GoFundMe,,yes,,,,,by hand (manual-gifts.csv)
2023-06-21 16:14,J Klein,50,GoFundMe,,,,,J Klein,,by hand (manual-gifts.csv)
2023-06-21 15:44,Trevor Christiansen,50,GoFundMe,,,,Thank you guys for all you do!,Trevor Christiansen,,by hand (manual-gifts.csv)
2023-06-21 15:15,Zeberiah Scheffler,50,GoFundMe,,,,,Zeberiah Scheffler,,by hand (manual-gifts.csv)
2023-06-21 14:46,Philip Eichhorn,50,GoFundMe,,,,,Philip Eichhorn,,by hand (manual-gifts.csv)
2023-06-21 14:18,Edyta C,50,GoFundMe,,,,,Edyta C,,by hand (manual-gifts.csv)
2023-06-21 13:50,Stephanie Lary,50,GoFundMe,,,,,Stephanie Lary,,by hand (manual-gifts.csv)
2023-06-21 13:23,Alexis Bryant,400,GoFundMe,,,,,Alexis Bryant,,by hand (manual-gifts.csv)
2023-06-21 12:57,Karen Alter-Reid,85,GoFundMe,,,,,Karen Alter-Reid,,by hand (manual-gifts.csv)
2023-06-21 12:31,Matthew Marks,90,GoFundMe,,,,,Matthew Marks,,by hand (manual-gifts.csv)
2023-06-21 12:06,Carol Ingram,100,GoFundMe,,,,,Carol Ingram,,by hand (manual-gifts.csv)
2023-06-21 11:42,Lois Nightingale,100,GoFundMe,,,,,Lois Nightingale,,by hand (manual-gifts.csv)
2023-06-21 11:18,Melissa Slocumb,100,GoFundMe,,,,,Melissa Slocumb,,by hand (manual-gifts.csv)
2023-06-21 10:55,Kaitlyn Stewart,50,GoFundMe,,,,,Kaitlyn Stewart,,by hand (manual-gifts.csv)
2023-06-21 10:32,Saul Costa,50,GoFundMe,,,,,Saul Costa,,by hand (manual-gifts.csv)
2023-06-21 10:09,Allison Brekke,27,GoFundMe,,,,This is such important work! And thank you Cat Campion for the link!,Allison Brekke,,by hand (manual-gifts.csv)
2023-06-21 09:48,"Payam Panbechi, OG",123,GoFundMe,,,,,"Payam Panbechi, OG",,by hand (manual-gifts.csv)
2023-06-21 09:27,Brian Wallace,50,GoFundMe,,,,,Brian Wallace,,by hand (manual-gifts.csv)
2023-06-21 09:06,Sara Hamilton,25,GoFundMe,,,,,Sara Hamilton,,by hand (manual-gifts.csv)
2023-06-21 08:46,Jake Wilkinson,12,GoFundMe,,,,,Jake Wilkinson,,by hand (manual-gifts.csv)
2023-06-21 08:26,catherine campion,11,GoFundMe,,,,,catherine campion,,by hand (manual-gifts.csv)
2023-06-21 08:07,Paul Stamets,1000,GoFundMe,,,,,Paul Stamets,,by hand (manual-gifts.csv)
2022-06-28 12:00,David Choe,32760,NFT sale,"David Choe’s NFT “Fist Hugger” of Rick Doblin, sold at Christie’s Auction",,,,David Choe,,by hand (manual-gifts.csv)
2019-10-16 12:06,Ronnen Harary,5000,Private,,,,,Ronnen Harary,,by hand (manual-gifts.csv)
2019-10-15 12:04,Anonymous,25000,Private,,yes,,,,,by hand (manual-gifts.csv)
2019-02-15 12:00,Will Nathan,25000,Private,,,,,Will Nathan,,by hand (manual-gifts.csv)
2018-12-06 12:12,Bobbi Dunphy,150,Private,,,,,Bobbi Dunphy,,by hand (manual-gifts.csv)
2018-12-05 12:11,Alex Enchin,500,Private,,,,,Alex Enchin,,by hand (manual-gifts.csv)
2018-12-04 12:10,Laura Lochrane,1000,Private,,,,,Laura Lochrane,,by hand (manual-gifts.csv)
2018-12-03 12:09,Rae & Tomas,2500,Private,,,,,Rae & Tomas,,by hand (manual-gifts.csv)
2018-12-02 12:08,Dayna West,5000,Private,,,,,Dayna West,,by hand (manual-gifts.csv)
2018-12-01 12:07,Dick Simon,5000,Private,,,,,Dick Simon,,by hand (manual-gifts.csv)
2018-06-18 12:05,Zem & James Joaquin,5000,Private,,,,,Zem & James Joaquin,,by hand (manual-gifts.csv)
2018-06-17 12:03,Louie Schwartzberg,5000,Private,,,,,Louie Schwartzberg,,by hand (manual-gifts.csv)
2018-06-16 12:02,Kat Conure,5000,Private,,,,,Kat Conure,,by hand (manual-gifts.csv)
2018-06-15 12:01,Nicole Panter,5500,Private,,,,,Nicole Panter,,by hand (manual-gifts.csv)
